{"cameraMode":{"drawMode":0,"name":"Shaded","section":"Shading Mode"},"sceneLighting":true,"audioPlay":false,"sceneViewState":{"showFog":true,"showMaterialUpdate":false,"showSkybox":true,"showFlares":true,"showImageEffects":true,"showParticleSystems":true},"in2DMode":false,"pivot":{"x":240.56983947753907,"y":154.5570831298828,"z":-45.11255645751953},"rotation":{"x":-0.12360276281833649,"y":0.009240860119462014,"z":-0.001149974763393402,"w":-0.9922881126403809},"size":268.6005554199219,"orthographic":false}